id,image,main_image
1,1_8_001.png,True
2,1_8_002.png,True
3,1_8_003.png,True
4,1_8_004.png,True
5,1_8_005.png,True
6,1_8_006.png,True
7,1_8_007.png,True
8,1_8_008.png,True
9,1_8_009.png,True
10,1_8_010.png,True
11,1_8_011.png,True
12,1_8_012.png,True
13,1_8_013.png,True
14,1_8_014.png,True
15,1_8_015.png,True
16,1_8_016.png,True
17,1_8_017.png,True
18,1_8_018.png,True
19,1_8_019.png,True
20,1_8_020.png,True
21,1_8_021.png,True
22,1_8_022.png,True
23,1_8_023.png,True
24,1_8_024.png,True
25,1_8_025.png,True
26,1_8_026.png,True
27,1_8_027.png,True
28,1_8_028.png,True
29,1_8_029.png,True
30,1_8_030.png,True
31,1_8_031.png,True
32,1_8_032.png,True
33,4_8_001.png,True
34,4_8_002.png,True
35,4_8_003.png,True
36,4_8_004.png,True
37,4_8_005.png,True
38,4_8_006.png,True
39,4_8_007.png,True
40,4_8_008.png,True
41,4_8_009.png,True
42,4_8_010.png,True
43,4_8_011.png,True
44,4_8_012.png,True
45,4_8_013.png,True
46,4_8_014.png,True
47,4_8_015.png,True
48,4_8_016.png,True
49,4_8_017.png,True
50,4_8_018.png,True
51,4_8_019.png,True
52,0_8_001.png,True
53,0_8_002.png,True
54,0_8_003.png,True
55,0_8_004.png,True
56,0_8_005.png,True
57,0_8_006.png,True
58,0_8_007.png,True
59,0_8_008.png,True
60,0_8_009.png,True
61,0_8_010.png,True
62,0_8_011.png,True
63,0_8_012.png,True
64,0_8_013.png,True
65,0_8_014.png,True
66,0_8_015.png,True
67,0_8_016.png,True
68,0_8_017.png,True
69,0_8_018.png,True
70,0_8_019.png,True
71,0_8_020.png,True
72,0_8_021.png,True
73,0_8_022.png,True
74,0_8_023.png,True
75,0_8_024.png,True
76,0_8_025.png,True
77,0_8_026.png,True
78,0_8_027.png,True
79,0_8_028.png,True
80,0_8_029.png,True
81,2_8_001.png,True
82,2_8_002.png,True
83,2_8_003.png,True
84,2_8_004.png,True
85,2_8_005.png,True
86,2_8_006.png,True
87,2_8_007.png,True
88,2_8_008.png,True
89,2_8_009.png,True
90,2_8_010.png,True
91,2_8_011.png,True
92,2_8_012.png,True
93,2_8_013.png,True
94,2_8_014.png,True
95,2_8_015.png,True
96,2_8_016.png,True
97,2_8_017.png,True
98,2_8_018.png,True
99,3_8_001.png,True
100,3_8_002.png,True
101,3_8_003.png,True
102,3_8_004.png,True
103,3_8_005.png,True
104,3_8_006.png,True
105,3_8_007.png,True
106,3_8_008.png,True
107,3_8_009.png,True
108,3_8_010.png,True
109,3_8_011.png,True
110,3_8_012.png,True
111,3_8_013.png,True
112,3_8_014.png,True
113,3_8_015.png,True
114,5_8_001.png,True
115,5_8_002.png,True
116,5_8_003.png,True
117,5_8_004.png,True
118,5_8_005.png,True
119,5_8_006.png,True
120,5_8_007.png,True
121,5_8_008.png,True
122,5_8_009.png,True
123,5_8_010.png,True
124,5_8_011.png,True
125,5_8_012.png,True
126,5_8_013.png,True
127,5_8_014.png,True
128,5_8_015.png,True
129,5_8_016.png,True
130,5_8_017.png,True
131,5_8_018.png,True
132,6_8_001.png,True
133,6_8_002.png,True
134,6_8_003.png,True
135,6_8_004.png,True
136,6_8_005.png,True
137,6_8_006.png,True
138,6_8_007.png,True
139,6_8_008.png,True
140,6_8_009.png,True
141,6_8_010.png,True
142,6_8_011.png,True
143,6_8_012.png,True
144,6_8_013.png,True
145,6_8_014.png,True
146,6_8_015.png,True
147,6_8_016.png,True
148,6_8_017.png,True
149,6_8_018.png,True
150,6_8_019.png,True
151,6_8_020.png,True
152,6_8_021.png,True
153,6_8_022.png,True
154,6_8_023.png,True
155,6_8_024.png,True
156,6_8_025.png,True
157,6_8_026.png,True
158,6_8_027.png,True
159,1_7_001.png,True
160,1_7_002.png,True
161,1_7_003.png,True
162,1_7_004.png,True
163,1_7_005.png,True
164,1_7_006.png,True
165,1_7_007.png,True
166,1_7_008.png,True
167,1_7_009.png,True
168,1_7_010.png,True
169,1_7_011.png,True
170,1_7_012.png,True
171,1_7_013.png,True
172,1_7_014.png,True
173,1_7_015.png,True
174,1_7_016.png,True
175,1_7_017.png,True
176,1_7_018.png,True
177,1_7_019.png,True
178,1_7_020.png,True
179,1_7_021.png,True
180,4_7_001.png,True
181,4_7_002.png,True
182,4_7_003.png,True
183,4_7_004.png,True
184,4_7_005.png,True
185,4_7_006.png,True
186,4_7_007.png,True
187,4_7_008.png,True
188,4_7_009.png,True
189,4_7_010.png,True
190,4_7_011.png,True
191,4_7_012.png,True
192,4_7_013.png,True
193,4_7_014.png,True
194,4_7_015.png,True
195,4_7_016.png,True
196,4_7_017.png,True
197,4_7_018.png,True
198,4_7_019.png,True
199,4_7_020.png,True
200,4_7_021.png,True
201,4_7_022.png,True
202,4_7_023.png,True
203,4_7_024.png,True
204,4_7_025.png,True
205,4_7_026.png,True
206,4_7_027.png,True
207,4_7_028.png,True
208,4_7_029.png,True
209,4_7_030.png,True
210,4_7_031.png,True
211,2_7_001.png,True
212,2_7_002.png,True
213,2_7_003.png,True
214,2_7_004.png,True
215,2_7_005.png,True
216,3_7_001.png,True
217,3_7_002.png,True
218,3_7_003.png,True
219,3_7_004.png,True
220,3_7_005.png,True
221,3_7_006.png,True
222,3_7_007.png,True
223,3_7_008.png,True
224,3_7_009.png,True
225,3_7_010.png,True
226,3_7_011.png,True
227,3_7_012.png,True
228,3_7_013.png,True
229,3_7_014.png,True
230,3_7_015.png,True
231,3_7_016.png,True
232,3_7_017.png,True
233,3_7_018.png,True
234,3_7_019.png,True
235,3_7_020.png,True
236,3_7_021.png,True
237,3_7_022.png,True
238,3_7_023.png,True
239,3_7_024.png,True
240,3_7_025.png,True
241,3_7_026.png,True
242,3_7_027.png,True
243,3_7_028.png,True
244,3_7_029.png,True
245,3_7_030.png,True
246,5_7_001.png,True
247,5_7_002.png,True
248,5_7_003.png,True
249,5_7_004.png,True
250,5_7_005.png,True
251,5_7_006.png,True
252,5_7_007.png,True
253,5_7_008.png,True
254,5_7_009.png,True
255,5_7_010.png,True
256,5_7_011.png,True
257,5_7_012.png,True
258,5_7_013.png,True
259,5_7_014.png,True
260,5_7_015.png,True
261,5_7_016.png,True
262,6_7_001.png,True
263,6_7_002.png,True
264,6_7_003.png,True
265,6_7_004.png,True
266,6_7_005.png,True
267,6_7_006.png,True
268,6_7_007.png,True
269,6_7_008.png,True
270,6_7_009.png,True
271,6_7_010.png,True
272,6_7_011.png,True
273,6_7_012.png,True
274,6_7_013.png,True
275,6_7_014.png,True
276,6_7_015.png,True
277,6_7_016.png,True
278,6_7_017.png,True
279,6_7_018.png,True
280,1_9_001.png,True
281,1_9_002.png,True
282,1_9_003.png,True
283,1_9_004.png,True
284,1_9_005.png,True
285,1_9_006.png,True
286,1_9_007.png,True
287,1_9_008.png,True
288,1_9_009.png,True
289,1_9_010.png,True
290,1_9_011.png,True
291,1_9_012.png,True
292,1_9_013.png,True
293,1_9_014.png,True
294,1_9_015.png,True
295,1_9_016.png,True
296,1_9_017.png,True
297,1_9_018.png,True
298,1_9_019.png,True
299,1_9_020.png,True
300,1_9_021.png,True
301,1_9_022.png,True
302,1_9_023.png,True
303,1_9_024.png,True
304,1_9_025.png,True
305,1_9_026.png,True
306,1_9_027.png,True
307,1_9_028.png,True
308,1_9_029.png,True
309,1_9_030.png,True
310,4_9_001.png,True
311,4_9_002.png,True
312,4_9_003.png,True
313,4_9_004.png,True
314,4_9_005.png,True
315,4_9_006.png,True
316,4_9_007.png,True
317,4_9_008.png,True
318,4_9_009.png,True
319,4_9_010.png,True
320,4_9_011.png,True
321,4_9_012.png,True
322,4_9_013.png,True
323,4_9_014.png,True
324,4_9_015.png,True
325,4_9_016.png,True
326,4_9_017.png,True
327,4_9_018.png,True
328,4_9_019.png,True
329,4_9_020.png,True
330,4_9_021.png,True
331,4_9_022.png,True
332,4_9_023.png,True
333,4_9_024.png,True
334,4_9_025.png,True
335,4_9_026.png,True
336,4_9_027.png,True
337,4_9_028.png,True
338,4_9_029.png,True
339,4_9_030.png,True
340,4_9_031.png,True
341,4_9_032.png,True
342,4_9_033.png,True
343,4_9_034.png,True
344,4_9_035.png,True
345,4_9_036.png,True
346,4_9_037.png,True
347,4_9_038.png,True
348,4_9_039.png,True
349,4_9_040.png,True
350,4_9_041.png,True
351,4_9_042.png,True
352,4_9_043.png,True
353,4_9_044.png,True
354,4_9_045.png,True
355,4_9_046.png,True
356,4_9_047.png,True
357,4_9_048.png,True
358,4_9_049.png,True
359,2_9_001.png,True
360,2_9_002.png,True
361,2_9_003.png,True
362,2_9_004.png,True
363,2_9_005.png,True
364,2_9_006.png,True
365,2_9_007.png,True
366,2_9_008.png,True
367,2_9_009.png,True
368,2_9_010.png,True
369,2_9_011.png,True
370,2_9_012.png,True
371,2_9_013.png,True
372,2_9_014.png,True
373,2_9_015.png,True
374,2_9_016.png,True
375,2_9_017.png,True
376,2_9_018.png,True
377,3_9_001.png,True
378,3_9_002.png,True
379,3_9_003.png,True
380,3_9_004.png,True
381,3_9_005.png,True
382,3_9_006.png,True
383,3_9_007.png,True
384,3_9_008.png,True
385,3_9_009.png,True
386,3_9_010.png,True
387,3_9_011.png,True
388,3_9_012.png,True
389,3_9_013.png,True
390,3_9_014.png,True
391,3_9_015.png,True
392,3_9_016.png,True
393,3_9_017.png,True
394,3_9_018.png,True
395,3_9_019.png,True
396,3_9_020.png,True
397,3_9_021.png,True
398,3_9_022.png,True
399,3_9_023.png,True
400,3_9_024.png,True
401,3_9_025.png,True
402,5_9_001.png,True
403,5_9_002.png,True
404,5_9_003.png,True
405,5_9_004.png,True
406,5_9_005.png,True
407,5_9_006.png,True
408,5_9_007.png,True
409,5_9_008.png,True
410,5_9_009.png,True
411,5_9_010.png,True
412,5_9_011.png,True
413,5_9_012.png,True
414,5_9_013.png,True
415,5_9_014.png,True
416,5_9_015.png,True
417,5_9_016.png,True
418,5_9_017.png,True
419,5_9_018.png,True
420,5_9_019.png,True
421,5_9_020.png,True
422,5_9_021.png,True
423,6_9_001.png,True
424,6_9_002.png,True
425,6_9_003.png,True
426,6_9_004.png,True
427,6_9_005.png,True
428,6_9_006.png,True
429,6_9_007.png,True
430,6_9_008.png,True
431,6_9_009.png,True
432,6_9_010.png,True
433,6_9_011.png,True
434,6_9_012.png,True
435,6_9_013.png,True
436,6_9_014.png,True
437,6_9_015.png,True
438,6_9_016.png,True
439,6_9_017.png,True
440,6_9_018.png,True
441,6_9_019.png,True
442,6_9_020.png,True
443,6_9_021.png,True
444,1_2_001.png,True
445,1_2_002.png,True
446,1_2_003.png,True
447,1_2_004.png,True
448,1_2_005.png,True
449,1_2_006.png,True
450,1_2_007.png,True
451,1_2_008.png,True
452,1_2_009.png,True
453,1_2_010.png,True
454,1_2_011.png,True
455,1_2_012.png,True
456,1_2_013.png,True
457,1_2_014.png,True
458,1_2_015.png,True
459,1_2_016.png,True
460,1_2_017.png,True
461,1_2_018.png,True
462,1_2_019.png,True
463,1_2_020.png,True
464,1_2_021.png,True
465,1_2_022.png,True
466,1_2_023.png,True
467,1_2_024.png,True
468,1_2_025.png,True
469,1_2_026.png,True
470,1_2_027.png,True
471,1_2_028.png,True
472,1_2_029.png,True
473,1_2_030.png,True
474,1_2_031.png,True
475,1_2_032.png,True
476,1_2_033.png,True
477,1_2_034.png,True
478,1_2_035.png,True
479,1_2_036.png,True
480,1_2_037.png,True
481,1_2_038.png,True
482,1_2_039.png,True
483,1_2_040.png,True
484,1_2_041.png,True
485,1_2_042.png,True
486,1_2_043.png,True
487,1_2_044.png,True
488,1_2_045.png,True
489,1_2_046.png,True
490,1_2_047.png,True
491,1_2_048.png,True
492,1_2_049.png,True
493,1_2_050.png,True
494,1_2_051.png,True
495,1_2_052.png,True
496,1_2_053.png,True
497,1_2_054.png,True
498,1_2_055.png,True
499,4_2_001.png,True
500,4_2_002.png,True
501,4_2_003.png,True
502,4_2_004.png,True
503,4_2_005.png,True
504,4_2_006.png,True
505,4_2_007.png,True
506,4_2_008.png,True
507,4_2_009.png,True
508,4_2_010.png,True
509,4_2_011.png,True
510,4_2_012.png,True
511,4_2_013.png,True
512,4_2_014.png,True
513,4_2_015.png,True
514,4_2_016.png,True
515,4_2_017.png,True
516,4_2_018.png,True
517,4_2_019.png,True
518,4_2_020.png,True
519,4_2_021.png,True
520,4_2_022.png,True
521,4_2_023.png,True
522,4_2_024.png,True
523,4_2_025.png,True
524,4_2_026.png,True
525,4_2_027.png,True
526,4_2_028.png,True
527,4_2_029.png,True
528,4_2_030.png,True
529,4_2_031.png,True
530,4_2_032.png,True
531,4_2_033.png,True
532,4_2_034.png,True
533,4_2_035.png,True
534,4_2_036.png,True
535,4_2_037.png,True
536,4_2_038.png,True
537,4_2_039.png,True
538,4_2_040.png,True
539,4_2_041.png,True
540,4_2_042.png,True
541,4_2_043.png,True
542,4_2_044.png,True
543,4_2_045.png,True
544,4_2_046.png,True
545,4_2_047.png,True
546,4_2_048.png,True
547,4_2_049.png,True
548,4_2_050.png,True
549,4_2_051.png,True
550,4_2_052.png,True
551,4_2_053.png,True
552,4_2_054.png,True
553,4_2_055.png,True
554,4_2_056.png,True
555,4_2_057.png,True
556,4_2_058.png,True
557,4_2_059.png,True
558,4_2_060.png,True
559,4_2_061.png,True
560,4_2_062.png,True
561,4_2_063.png,True
562,4_2_064.png,True
563,4_2_065.png,True
564,4_2_066.png,True
565,4_2_067.png,True
566,4_2_068.png,True
567,4_2_069.png,True
568,0_2_001.png,True
569,0_2_002.png,True
570,0_2_003.png,True
571,0_2_004.png,True
572,0_2_005.png,True
573,0_2_006.png,True
574,0_2_007.png,True
575,0_2_008.png,True
576,0_2_009.png,True
577,0_2_010.png,True
578,0_2_011.png,True
579,0_2_012.png,True
580,0_2_013.png,True
581,0_2_014.png,True
582,0_2_015.png,True
583,0_2_016.png,True
584,0_2_017.png,True
585,0_2_018.png,True
586,0_2_019.png,True
587,0_2_020.png,True
588,0_2_021.png,True
589,0_2_022.png,True
590,0_2_023.png,True
591,0_2_024.png,True
592,0_2_025.png,True
593,0_2_026.png,True
594,0_2_027.png,True
595,0_2_028.png,True
596,2_2_001.png,True
597,2_2_002.png,True
598,2_2_003.png,True
599,2_2_004.png,True
600,2_2_005.png,True
601,2_2_006.png,True
602,2_2_007.png,True
603,2_2_008.png,True
604,2_2_009.png,True
605,2_2_010.png,True
606,2_2_011.png,True
607,2_2_012.png,True
608,2_2_013.png,True
609,2_2_014.png,True
610,2_2_015.png,True
611,2_2_016.png,True
612,2_2_017.png,True
613,2_2_018.png,True
614,2_2_019.png,True
615,2_2_020.png,True
616,2_2_021.png,True
617,2_2_022.png,True
618,2_2_023.png,True
619,2_2_024.png,True
620,2_2_025.png,True
621,2_2_026.png,True
622,2_2_027.png,True
623,2_2_028.png,True
624,2_2_029.png,True
625,2_2_030.png,True
626,2_2_031.png,True
627,2_2_032.png,True
628,2_2_033.png,True
629,2_2_034.png,True
630,2_2_035.png,True
631,2_2_036.png,True
632,2_2_037.png,True
633,2_2_038.png,True
634,2_2_039.png,True
635,2_2_040.png,True
636,2_2_041.png,True
637,2_2_042.png,True
638,2_2_043.png,True
639,2_2_044.png,True
640,2_2_045.png,True
641,2_2_046.png,True
642,2_2_047.png,True
643,2_2_048.png,True
644,2_2_049.png,True
645,2_2_050.png,True
646,2_2_051.png,True
647,2_2_052.png,True
648,2_2_053.png,True
649,2_2_054.png,True
650,2_2_055.png,True
651,2_2_056.png,True
652,2_2_057.png,True
653,2_2_058.png,True
654,2_2_059.png,True
655,2_2_060.png,True
656,2_2_061.png,True
657,2_2_062.png,True
658,2_2_063.png,True
659,2_2_064.png,True
660,2_2_065.png,True
661,2_2_066.png,True
662,2_2_067.png,True
663,2_2_068.png,True
664,3_2_001.png,True
665,3_2_002.png,True
666,3_2_003.png,True
667,3_2_004.png,True
668,3_2_005.png,True
669,3_2_006.png,True
670,3_2_007.png,True
671,3_2_008.png,True
672,3_2_009.png,True
673,3_2_010.png,True
674,3_2_011.png,True
675,3_2_012.png,True
676,3_2_013.png,True
677,3_2_014.png,True
678,3_2_015.png,True
679,3_2_016.png,True
680,3_2_017.png,True
681,3_2_018.png,True
682,3_2_019.png,True
683,3_2_020.png,True
684,3_2_021.png,True
685,3_2_022.png,True
686,3_2_023.png,True
687,3_2_024.png,True
688,3_2_025.png,True
689,3_2_026.png,True
690,3_2_027.png,True
691,3_2_028.png,True
692,3_2_029.png,True
693,3_2_030.png,True
694,3_2_031.png,True
695,3_2_032.png,True
696,3_2_033.png,True
697,3_2_034.png,True
698,3_2_035.png,True
699,3_2_036.png,True
700,3_2_037.png,True
701,3_2_038.png,True
702,3_2_039.png,True
703,3_2_040.png,True
704,3_2_041.png,True
705,3_2_042.png,True
706,3_2_043.png,True
707,3_2_044.png,True
708,3_2_045.png,True
709,3_2_046.png,True
710,3_2_047.png,True
711,3_2_048.png,True
712,3_2_049.png,True
713,3_2_050.png,True
714,3_2_051.png,True
715,3_2_052.png,True
716,3_2_053.png,True
717,3_2_054.png,True
718,3_2_055.png,True
719,3_2_056.png,True
720,3_2_057.png,True
721,3_2_058.png,True
722,3_2_059.png,True
723,3_2_060.png,True
724,3_2_061.png,True
725,3_2_062.png,True
726,3_2_063.png,True
727,3_2_064.png,True
728,3_2_065.png,True
729,3_2_066.png,True
730,3_2_067.png,True
731,3_2_068.png,True
732,5_2_001.png,True
733,5_2_002.png,True
734,5_2_003.png,True
735,5_2_004.png,True
736,5_2_005.png,True
737,5_2_006.png,True
738,5_2_007.png,True
739,5_2_008.png,True
740,5_2_009.png,True
741,5_2_010.png,True
742,5_2_011.png,True
743,5_2_012.png,True
744,5_2_013.png,True
745,5_2_014.png,True
746,5_2_015.png,True
747,5_2_016.png,True
748,5_2_017.png,True
749,5_2_018.png,True
750,5_2_019.png,True
751,5_2_020.png,True
752,5_2_021.png,True
753,5_2_022.png,True
754,5_2_023.png,True
755,5_2_024.png,True
756,5_2_025.png,True
757,5_2_026.png,True
758,5_2_027.png,True
759,5_2_028.png,True
760,5_2_029.png,True
761,5_2_030.png,True
762,5_2_031.png,True
763,5_2_032.png,True
764,5_2_033.png,True
765,5_2_034.png,True
766,5_2_035.png,True
767,5_2_036.png,True
768,5_2_037.png,True
769,5_2_038.png,True
770,5_2_039.png,True
771,5_2_040.png,True
772,5_2_041.png,True
773,5_2_042.png,True
774,5_2_043.png,True
775,5_2_044.png,True
776,5_2_045.png,True
777,5_2_046.png,True
778,5_2_047.png,True
779,5_2_048.png,True
780,5_2_049.png,True
781,5_2_050.png,True
782,5_2_051.png,True
783,5_2_052.png,True
784,5_2_053.png,True
785,5_2_054.png,True
786,5_2_055.png,True
787,5_2_056.png,True
788,5_2_057.png,True
789,5_2_058.png,True
790,5_2_059.png,True
791,5_2_060.png,True
792,5_2_061.png,True
793,5_2_062.png,True
794,5_2_063.png,True
795,5_2_064.png,True
796,5_2_065.png,True
797,5_2_066.png,True
798,5_2_067.png,True
799,5_2_068.png,True
800,5_2_069.png,True
801,5_2_070.png,True
802,5_2_071.png,True
803,5_2_072.png,True
804,5_2_073.png,True
805,5_2_074.png,True
806,5_2_075.png,True
807,5_2_076.png,True
808,6_2_001.png,True
809,6_2_002.png,True
810,6_2_003.png,True
811,6_2_004.png,True
812,6_2_005.png,True
813,6_2_006.png,True
814,6_2_007.png,True
815,6_2_008.png,True
816,6_2_009.png,True
817,6_2_010.png,True
818,6_2_011.png,True
819,6_2_012.png,True
820,6_2_013.png,True
821,6_2_014.png,True
822,6_2_015.png,True
823,6_2_016.png,True
824,6_2_017.png,True
825,6_2_018.png,True
826,6_2_019.png,True
827,6_2_020.png,True
828,6_2_021.png,True
829,6_2_022.png,True
830,6_2_023.png,True
831,6_2_024.png,True
832,6_2_025.png,True
833,6_2_026.png,True
834,6_2_027.png,True
835,6_2_028.png,True
836,6_2_029.png,True
837,6_2_030.png,True
838,6_2_031.png,True
839,6_2_032.png,True
840,6_2_033.png,True
841,6_2_034.png,True
842,6_2_035.png,True
843,6_2_036.png,True
844,6_2_037.png,True
845,6_2_038.png,True
846,6_2_039.png,True
847,6_2_040.png,True
848,6_2_041.png,True
849,6_2_042.png,True
850,6_2_043.png,True
851,6_2_044.png,True
852,6_2_045.png,True
853,6_2_046.png,True
854,6_2_047.png,True
855,6_2_048.png,True
856,6_2_049.png,True
857,6_2_050.png,True
858,6_2_051.png,True
859,6_2_052.png,True
860,6_2_053.png,True
861,6_2_054.png,True
862,6_2_055.png,True
863,1_1_001.png,True
864,1_1_002.png,True
865,1_1_003.png,True
866,1_1_004.png,True
867,1_1_005.png,True
868,1_1_006.png,True
869,1_1_007.png,True
870,1_1_008.png,True
871,1_1_009.png,True
872,1_1_010.png,True
873,1_1_011.png,True
874,1_1_012.png,True
875,1_1_013.png,True
876,1_1_014.png,True
877,1_1_015.png,True
878,1_1_016.png,True
879,1_1_017.png,True
880,1_1_018.png,True
881,1_1_019.png,True
882,1_1_020.png,True
883,1_1_021.png,True
884,1_1_022.png,True
885,1_1_023.png,True
886,1_1_024.png,True
887,1_1_025.png,True
888,1_1_026.png,True
889,1_1_027.png,True
890,1_1_028.png,True
891,1_1_029.png,True
892,1_1_030.png,True
893,4_1_001.png,True
894,4_1_002.png,True
895,4_1_003.png,True
896,4_1_004.png,True
897,4_1_005.png,True
898,4_1_006.png,True
899,4_1_007.png,True
900,4_1_008.png,True
901,4_1_009.png,True
902,4_1_010.png,True
903,4_1_011.png,True
904,4_1_012.png,True
905,4_1_013.png,True
906,4_1_014.png,True
907,4_1_015.png,True
908,4_1_016.png,True
909,4_1_017.png,True
910,4_1_018.png,True
911,4_1_019.png,True
912,4_1_020.png,True
913,4_1_021.png,True
914,4_1_022.png,True
915,4_1_023.png,True
916,4_1_024.png,True
917,4_1_025.png,True
918,4_1_026.png,True
919,4_1_027.png,True
920,4_1_028.png,True
921,4_1_029.png,True
922,4_1_030.png,True
923,4_1_031.png,True
924,4_1_032.png,True
925,4_1_033.png,True
926,4_1_034.png,True
927,4_1_035.png,True
928,4_1_036.png,True
929,4_1_037.png,True
930,4_1_038.png,True
931,4_1_039.png,True
932,4_1_040.png,True
933,4_1_041.png,True
934,4_1_042.png,True
935,4_1_043.png,True
936,4_1_044.png,True
937,4_1_045.png,True
938,4_1_046.png,True
939,4_1_047.png,True
940,4_1_048.png,True
941,4_1_049.png,True
942,4_1_050.png,True
943,4_1_051.png,True
944,4_1_052.png,True
945,4_1_053.png,True
946,4_1_054.png,True
947,4_1_055.png,True
948,4_1_056.png,True
949,0_1_001.png,True
950,0_1_002.png,True
951,0_1_003.png,True
952,0_1_004.png,True
953,0_1_005.png,True
954,0_1_006.png,True
955,0_1_007.png,True
956,0_1_008.png,True
957,0_1_009.png,True
958,0_1_010.png,True
959,0_1_011.png,True
960,0_1_012.png,True
961,0_1_013.png,True
962,0_1_014.png,True
963,0_1_015.png,True
964,0_1_016.png,True
965,0_1_017.png,True
966,0_1_018.png,True
967,0_1_019.png,True
968,0_1_020.png,True
969,0_1_021.png,True
970,0_1_022.png,True
971,0_1_023.png,True
972,0_1_024.png,True
973,0_1_025.png,True
974,0_1_026.png,True
975,0_1_027.png,True
976,0_1_028.png,True
977,0_1_029.png,True
978,0_1_030.png,True
979,0_1_031.png,True
980,0_1_032.png,True
981,0_1_033.png,True
982,0_1_034.png,True
983,0_1_035.png,True
984,0_1_036.png,True
985,0_1_037.png,True
986,0_1_038.png,True
987,0_1_039.png,True
988,0_1_040.png,True
989,0_1_041.png,True
990,0_1_042.png,True
991,0_1_043.png,True
992,0_1_044.png,True
993,2_1_001.png,True
994,2_1_002.png,True
995,2_1_003.png,True
996,2_1_004.png,True
997,2_1_005.png,True
998,2_1_006.png,True
999,2_1_007.png,True
1000,2_1_008.png,True
1001,2_1_009.png,True
1002,2_1_010.png,True
1003,2_1_011.png,True
1004,2_1_012.png,True
1005,2_1_013.png,True
1006,2_1_014.png,True
1007,2_1_015.png,True
1008,2_1_016.png,True
1009,2_1_017.png,True
1010,2_1_018.png,True
1011,2_1_019.png,True
1012,2_1_020.png,True
1013,2_1_021.png,True
1014,2_1_022.png,True
1015,2_1_023.png,True
1016,2_1_024.png,True
1017,2_1_025.png,True
1018,2_1_026.png,True
1019,2_1_027.png,True
1020,2_1_028.png,True
1021,2_1_029.png,True
1022,2_1_030.png,True
1023,2_1_031.png,True
1024,2_1_032.png,True
1025,2_1_033.png,True
1026,2_1_034.png,True
1027,2_1_035.png,True
1028,2_1_036.png,True
1029,2_1_037.png,True
1030,2_1_038.png,True
1031,3_1_001.png,True
1032,3_1_002.png,True
1033,3_1_003.png,True
1034,3_1_004.png,True
1035,3_1_005.png,True
1036,3_1_006.png,True
1037,3_1_007.png,True
1038,3_1_008.png,True
1039,3_1_009.png,True
1040,3_1_010.png,True
1041,3_1_011.png,True
1042,6_1_001.png,True
1043,6_1_002.png,True
1044,6_1_003.png,True
1045,6_1_004.png,True
1046,6_1_005.png,True
1047,6_1_006.png,True
1048,6_1_007.png,True
1049,6_1_008.png,True
1050,6_1_009.png,True
1051,6_1_010.png,True
1052,6_1_011.png,True
1053,6_1_012.png,True
1054,6_1_013.png,True
1055,6_1_014.png,True
1056,6_1_015.png,True
1057,6_1_016.png,True
1058,6_1_017.png,True
1059,6_1_018.png,True
1060,6_1_019.png,True
1061,6_1_020.png,True
1062,6_1_021.png,True
1063,6_1_022.png,True
1064,6_1_023.png,True
1065,6_1_024.png,True
1066,6_1_025.png,True
1067,6_1_026.png,True
1068,6_1_027.png,True
1069,6_1_028.png,True
1070,6_1_029.png,True
1071,6_1_030.png,True
1072,6_1_031.png,True
1073,6_1_032.png,True
1074,6_1_033.png,True
1075,6_1_034.png,True
1076,6_1_035.png,True
1077,6_1_036.png,True
1078,6_1_037.png,True
1079,6_1_038.png,True
1080,6_1_039.png,True
1081,6_1_040.png,True
1082,6_1_041.png,True
1083,6_1_042.png,True
1084,6_1_043.png,True
1085,6_1_044.png,True
1086,6_1_045.png,True
1087,6_1_046.png,True
1088,6_1_047.png,True
1089,6_1_048.png,True
1090,6_1_049.png,True
1091,1_3_001.png,True
1092,1_3_002.png,True
1093,1_3_003.png,True
1094,1_3_004.png,True
1095,1_3_005.png,True
1096,1_3_006.png,True
1097,1_3_007.png,True
1098,1_3_008.png,True
1099,1_3_009.png,True
1100,1_3_010.png,True
1101,1_3_011.png,True
1102,1_3_012.png,True
1103,1_3_013.png,True
1104,1_3_014.png,True
1105,1_3_015.png,True
1106,1_3_016.png,True
1107,1_3_017.png,True
1108,4_3_001.png,True
1109,4_3_002.png,True
1110,4_3_003.png,True
1111,4_3_004.png,True
1112,4_3_005.png,True
1113,4_3_006.png,True
1114,4_3_007.png,True
1115,4_3_008.png,True
1116,4_3_009.png,True
1117,4_3_010.png,True
1118,4_3_011.png,True
1119,4_3_012.png,True
1120,4_3_013.png,True
1121,4_3_014.png,True
1122,4_3_015.png,True
1123,4_3_016.png,True
1124,4_3_017.png,True
1125,4_3_018.png,True
1126,4_3_019.png,True
1127,4_3_020.png,True
1128,4_3_021.png,True
1129,4_3_022.png,True
1130,4_3_023.png,True
1131,4_3_024.png,True
1132,4_3_025.png,True
1133,4_3_026.png,True
1134,4_3_027.png,True
1135,4_3_028.png,True
1136,4_3_029.png,True
1137,4_3_030.png,True
1138,4_3_031.png,True
1139,0_3_001.png,True
1140,0_3_002.png,True
1141,0_3_003.png,True
1142,0_3_004.png,True
1143,0_3_005.png,True
1144,0_3_006.png,True
1145,0_3_007.png,True
1146,0_3_008.png,True
1147,0_3_009.png,True
1148,0_3_010.png,True
1149,0_3_011.png,True
1150,0_3_012.png,True
1151,0_3_013.png,True
1152,0_3_014.png,True
1153,0_3_015.png,True
1154,0_3_016.png,True
1155,0_3_017.png,True
1156,0_3_018.png,True
1157,0_3_019.png,True
1158,0_3_020.png,True
1159,0_3_021.png,True
1160,0_3_022.png,True
1161,0_3_023.png,True
1162,0_3_024.png,True
1163,0_3_025.png,True
1164,0_3_026.png,True
1165,0_3_027.png,True
1166,0_3_028.png,True
1167,0_3_029.png,True
1168,0_3_030.png,True
1169,0_3_031.png,True
1170,0_3_032.png,True
1171,0_3_033.png,True
1172,0_3_034.png,True
1173,0_3_035.png,True
1174,0_3_036.png,True
1175,0_3_037.png,True
1176,0_3_038.png,True
1177,2_3_001.png,True
1178,2_3_002.png,True
1179,2_3_003.png,True
1180,2_3_004.png,True
1181,2_3_005.png,True
1182,2_3_006.png,True
1183,2_3_007.png,True
1184,2_3_008.png,True
1185,2_3_009.png,True
1186,2_3_010.png,True
1187,2_3_011.png,True
1188,2_3_012.png,True
1189,2_3_013.png,True
1190,2_3_014.png,True
1191,3_3_001.png,True
1192,3_3_002.png,True
1193,3_3_003.png,True
1194,3_3_004.png,True
1195,3_3_005.png,True
1196,3_3_006.png,True
1197,3_3_007.png,True
1198,3_3_008.png,True
1199,3_3_009.png,True
1200,6_3_001.png,True
1201,6_3_002.png,True
1202,6_3_003.png,True
1203,6_3_004.png,True
1204,6_3_005.png,True
1205,6_3_006.png,True
1206,6_3_007.png,True
1207,6_3_008.png,True
1208,6_3_009.png,True
1209,6_3_010.png,True
1210,6_3_011.png,True
1211,6_3_012.png,True
1212,6_3_013.png,True
1213,6_3_014.png,True
1214,6_3_015.png,True
1215,6_3_016.png,True
1216,6_3_017.png,True
1217,6_3_018.png,True
1218,6_3_019.png,True
1219,6_3_020.png,True
1220,6_3_021.png,True
1221,6_3_022.png,True
1222,6_3_023.png,True
1223,6_3_024.png,True
1224,6_3_025.png,True
1225,6_3_026.png,True
1226,6_3_027.png,True
1227,6_3_028.png,True
1228,6_3_029.png,True
1229,6_3_030.png,True
1230,6_3_031.png,True
1231,6_3_032.png,True
1232,6_3_033.png,True
1233,6_3_034.png,True
1234,6_3_035.png,True
1235,6_3_036.png,True
1236,6_3_037.png,True
1237,6_3_038.png,True
1238,6_3_039.png,True
1239,6_3_040.png,True
1240,6_3_041.png,True
1241,6_3_042.png,True
1242,6_3_043.png,True
1243,6_3_044.png,True
1244,6_3_045.png,True
1245,1_4_001.png,True
1246,1_4_002.png,True
1247,1_4_003.png,True
1248,1_4_004.png,True
1249,1_4_005.png,True
1250,1_4_006.png,True
1251,1_4_007.png,True
1252,1_4_008.png,True
1253,1_4_009.png,True
1254,1_4_010.png,True
1255,1_4_011.png,True
1256,1_4_012.png,True
1257,1_4_013.png,True
1258,1_4_014.png,True
1259,1_4_015.png,True
1260,1_4_016.png,True
1261,1_4_017.png,True
1262,1_4_018.png,True
1263,1_4_019.png,True
1264,1_4_020.png,True
1265,1_4_021.png,True
1266,1_4_022.png,True
1267,1_4_023.png,True
1268,1_4_024.png,True
1269,1_4_025.png,True
1270,1_4_026.png,True
1271,1_4_027.png,True
1272,1_4_028.png,True
1273,1_4_029.png,True
1274,1_4_030.png,True
1275,1_4_031.png,True
1276,1_4_032.png,True
1277,1_4_033.png,True
1278,1_4_034.png,True
1279,1_4_035.png,True
1280,1_4_036.png,True
1281,1_4_037.png,True
1282,1_4_038.png,True
1283,1_4_039.png,True
1284,1_4_040.png,True
1285,1_4_041.png,True
1286,1_4_042.png,True
1287,4_4_001.png,True
1288,4_4_002.png,True
1289,4_4_003.png,True
1290,4_4_004.png,True
1291,4_4_005.png,True
1292,4_4_006.png,True
1293,4_4_007.png,True
1294,4_4_008.png,True
1295,4_4_009.png,True
1296,4_4_010.png,True
1297,4_4_011.png,True
1298,4_4_012.png,True
1299,4_4_013.png,True
1300,4_4_014.png,True
1301,4_4_015.png,True
1302,4_4_016.png,True
1303,4_4_017.png,True
1304,4_4_018.png,True
1305,4_4_019.png,True
1306,4_4_020.png,True
1307,4_4_021.png,True
1308,4_4_022.png,True
1309,4_4_023.png,True
1310,4_4_024.png,True
1311,4_4_025.png,True
1312,4_4_026.png,True
1313,4_4_027.png,True
1314,4_4_028.png,True
1315,4_4_029.png,True
1316,4_4_030.png,True
1317,4_4_031.png,True
1318,4_4_032.png,True
1319,4_4_033.png,True
1320,4_4_034.png,True
1321,4_4_035.png,True
1322,4_4_036.png,True
1323,4_4_037.png,True
1324,4_4_038.png,True
1325,4_4_039.png,True
1326,2_4_001.png,True
1327,2_4_002.png,True
1328,2_4_003.png,True
1329,2_4_004.png,True
1330,2_4_005.png,True
1331,2_4_006.png,True
1332,2_4_007.png,True
1333,2_4_008.png,True
1334,2_4_009.png,True
1335,2_4_010.png,True
1336,2_4_011.png,True
1337,2_4_012.png,True
1338,2_4_013.png,True
1339,2_4_014.png,True
1340,2_4_015.png,True
1341,2_4_016.png,True
1342,2_4_017.png,True
1343,2_4_018.png,True
1344,3_4_001.png,True
1345,3_4_002.png,True
1346,3_4_003.png,True
1347,3_4_004.png,True
1348,3_4_005.png,True
1349,3_4_006.png,True
1350,3_4_007.png,True
1351,3_4_008.png,True
1352,3_4_009.png,True
1353,3_4_010.png,True
1354,3_4_011.png,True
1355,3_4_012.png,True
1356,3_4_013.png,True
1357,3_4_014.png,True
1358,3_4_015.png,True
1359,3_4_016.png,True
1360,3_4_017.png,True
1361,3_4_018.png,True
1362,3_4_019.png,True
1363,3_4_020.png,True
1364,3_4_021.png,True
1365,3_4_022.png,True
1366,5_4_001.png,True
1367,5_4_002.png,True
1368,5_4_003.png,True
1369,5_4_004.png,True
1370,5_4_005.png,True
1371,5_4_006.png,True
1372,5_4_007.png,True
1373,5_4_008.png,True
1374,5_4_009.png,True
1375,5_4_010.png,True
1376,5_4_011.png,True
1377,5_4_012.png,True
1378,5_4_013.png,True
1379,5_4_014.png,True
1380,6_4_001.png,True
1381,6_4_002.png,True
1382,6_4_003.png,True
1383,6_4_004.png,True
1384,6_4_005.png,True
1385,6_4_006.png,True
1386,6_4_007.png,True
1387,6_4_008.png,True
1388,6_4_009.png,True
1389,6_4_010.png,True
1390,6_4_011.png,True
1391,6_4_012.png,True
1392,6_4_013.png,True
1393,6_4_014.png,True
1394,6_4_015.png,True
1395,1_6_001.png,True
1396,1_6_002.png,True
1397,1_6_003.png,True
1398,1_6_004.png,True
1399,1_6_005.png,True
1400,1_6_006.png,True
1401,1_6_007.png,True
1402,1_6_008.png,True
1403,1_6_009.png,True
1404,1_6_010.png,True
1405,1_6_011.png,True
1406,1_6_012.png,True
1407,1_6_013.png,True
1408,1_6_014.png,True
1409,1_6_015.png,True
1410,1_6_016.png,True
1411,1_6_017.png,True
1412,1_6_018.png,True
1413,1_6_019.png,True
1414,1_6_020.png,True
1415,1_6_021.png,True
1416,1_6_022.png,True
1417,1_6_023.png,True
1418,1_6_024.png,True
1419,1_6_025.png,True
1420,1_6_026.png,True
1421,1_6_027.png,True
1422,1_6_028.png,True
1423,1_6_029.png,True
1424,4_6_001.png,True
1425,4_6_002.png,True
1426,4_6_003.png,True
1427,4_6_004.png,True
1428,4_6_005.png,True
1429,4_6_006.png,True
1430,4_6_007.png,True
1431,4_6_008.png,True
1432,4_6_009.png,True
1433,4_6_010.png,True
1434,4_6_011.png,True
1435,4_6_012.png,True
1436,4_6_013.png,True
1437,4_6_014.png,True
1438,4_6_015.png,True
1439,4_6_016.png,True
1440,4_6_017.png,True
1441,4_6_018.png,True
1442,4_6_019.png,True
1443,4_6_020.png,True
1444,4_6_021.png,True
1445,4_6_022.png,True
1446,4_6_023.png,True
1447,4_6_024.png,True
1448,4_6_025.png,True
1449,4_6_026.png,True
1450,4_6_027.png,True
1451,4_6_028.png,True
1452,4_6_029.png,True
1453,4_6_030.png,True
1454,4_6_031.png,True
1455,4_6_032.png,True
1456,4_6_033.png,True
1457,4_6_034.png,True
1458,4_6_035.png,True
1459,4_6_036.png,True
1460,4_6_037.png,True
1461,4_6_038.png,True
1462,4_6_039.png,True
1463,4_6_040.png,True
1464,4_6_041.png,True
1465,4_6_042.png,True
1466,4_6_043.png,True
1467,4_6_044.png,True
1468,4_6_045.png,True
1469,4_6_046.png,True
1470,4_6_047.png,True
1471,4_6_048.png,True
1472,4_6_049.png,True
1473,4_6_050.png,True
1474,4_6_051.png,True
1475,4_6_052.png,True
1476,4_6_053.png,True
1477,4_6_054.png,True
1478,4_6_055.png,True
1479,4_6_056.png,True
1480,4_6_057.png,True
1481,4_6_058.png,True
1482,4_6_059.png,True
1483,4_6_060.png,True
1484,4_6_061.png,True
1485,4_6_062.png,True
1486,4_6_063.png,True
1487,4_6_064.png,True
1488,4_6_065.png,True
1489,4_6_066.png,True
1490,4_6_067.png,True
1491,4_6_068.png,True
1492,4_6_069.png,True
1493,4_6_070.png,True
1494,4_6_071.png,True
1495,4_6_072.png,True
1496,4_6_073.png,True
1497,4_6_074.png,True
1498,4_6_075.png,True
1499,4_6_076.png,True
1500,4_6_077.png,True
1501,4_6_078.png,True
1502,4_6_079.png,True
1503,4_6_080.png,True
1504,4_6_081.png,True
1505,4_6_082.png,True
1506,2_6_001.png,True
1507,2_6_002.png,True
1508,2_6_003.png,True
1509,2_6_004.png,True
1510,2_6_005.png,True
1511,2_6_006.png,True
1512,2_6_007.png,True
1513,3_6_001.png,True
1514,3_6_002.png,True
1515,3_6_003.png,True
1516,3_6_004.png,True
1517,3_6_005.png,True
1518,3_6_006.png,True
1519,3_6_007.png,True
1520,3_6_008.png,True
1521,3_6_009.png,True
1522,3_6_010.png,True
1523,3_6_011.png,True
1524,3_6_012.png,True
1525,3_6_013.png,True
1526,3_6_014.png,True
1527,3_6_015.png,True
1528,3_6_016.png,True
1529,3_6_017.png,True
1530,3_6_018.png,True
1531,3_6_019.png,True
1532,3_6_020.png,True
1533,3_6_021.png,True
1534,3_6_022.png,True
1535,3_6_023.png,True
1536,3_6_024.png,True
1537,3_6_025.png,True
1538,3_6_026.png,True
1539,3_6_027.png,True
1540,3_6_028.png,True
1541,3_6_029.png,True
1542,3_6_030.png,True
1543,3_6_031.png,True
1544,3_6_032.png,True
1545,3_6_033.png,True
1546,3_6_034.png,True
1547,3_6_035.png,True
1548,3_6_036.png,True
1549,3_6_037.png,True
1550,3_6_038.png,True
1551,3_6_039.png,True
1552,3_6_040.png,True
1553,3_6_041.png,True
1554,3_6_042.png,True
1555,3_6_043.png,True
1556,3_6_044.png,True
1557,3_6_045.png,True
1558,3_6_046.png,True
1559,3_6_047.png,True
1560,5_6_001.png,True
1561,5_6_002.png,True
1562,5_6_003.png,True
1563,5_6_004.png,True
1564,5_6_005.png,True
1565,5_6_006.png,True
1566,5_6_007.png,True
1567,5_6_008.png,True
1568,5_6_009.png,True
1569,5_6_010.png,True
1570,5_6_011.png,True
1571,5_6_012.png,True
1572,5_6_013.png,True
1573,5_6_014.png,True
1574,5_6_015.png,True
1575,5_6_016.png,True
1576,5_6_017.png,True
1577,5_6_018.png,True
1578,5_6_019.png,True
1579,5_6_020.png,True
1580,5_6_021.png,True
1581,5_6_022.png,True
1582,5_6_023.png,True
1583,6_6_001.png,True
1584,6_6_002.png,True
1585,6_6_003.png,True
1586,6_6_004.png,True
1587,6_6_005.png,True
1588,6_6_006.png,True
1589,6_6_007.png,True
1590,6_6_008.png,True
1591,1_0_001.png,True
1592,1_0_002.png,True
1593,1_0_003.png,True
1594,1_0_004.png,True
1595,1_0_005.png,True
1596,1_0_006.png,True
1597,1_0_007.png,True
1598,1_0_008.png,True
1599,1_0_009.png,True
1600,1_0_010.png,True
1601,1_0_011.png,True
1602,1_0_012.png,True
1603,1_0_013.png,True
1604,1_0_014.png,True
1605,1_0_015.png,True
1606,1_0_016.png,True
1607,1_0_017.png,True
1608,1_0_018.png,True
1609,1_0_019.png,True
1610,1_0_020.png,True
1611,1_0_021.png,True
1612,1_0_022.png,True
1613,1_0_023.png,True
1614,1_0_024.png,True
1615,1_0_025.png,True
1616,1_0_026.png,True
1617,1_0_027.png,True
1618,1_0_028.png,True
1619,1_0_029.png,True
1620,1_0_030.png,True
1621,1_0_031.png,True
1622,1_0_032.png,True
1623,1_0_033.png,True
1624,1_0_034.png,True
1625,1_0_035.png,True
1626,1_0_036.png,True
1627,1_0_037.png,True
1628,1_0_038.png,True
1629,1_0_039.png,True
1630,1_0_040.png,True
1631,1_0_041.png,True
1632,1_0_042.png,True
1633,1_0_043.png,True
1634,1_0_044.png,True
1635,1_0_045.png,True
1636,1_0_046.png,True
1637,1_0_047.png,True
1638,1_0_048.png,True
1639,1_0_049.png,True
1640,1_0_050.png,True
1641,1_0_051.png,True
1642,1_0_052.png,True
1643,1_0_053.png,True
1644,4_0_001.png,True
1645,4_0_002.png,True
1646,4_0_003.png,True
1647,4_0_004.png,True
1648,4_0_005.png,True
1649,4_0_006.png,True
1650,4_0_007.png,True
1651,4_0_008.png,True
1652,4_0_009.png,True
1653,4_0_010.png,True
1654,4_0_011.png,True
1655,4_0_012.png,True
1656,4_0_013.png,True
1657,4_0_014.png,True
1658,4_0_015.png,True
1659,4_0_016.png,True
1660,4_0_017.png,True
1661,4_0_018.png,True
1662,4_0_019.png,True
1663,4_0_020.png,True
1664,4_0_021.png,True
1665,4_0_022.png,True
1666,4_0_023.png,True
1667,4_0_024.png,True
1668,4_0_025.png,True
1669,4_0_026.png,True
1670,4_0_027.png,True
1671,4_0_028.png,True
1672,4_0_029.png,True
1673,4_0_030.png,True
1674,4_0_031.png,True
1675,4_0_032.png,True
1676,4_0_033.png,True
1677,4_0_034.png,True
1678,4_0_035.png,True
1679,4_0_036.png,True
1680,4_0_037.png,True
1681,4_0_038.png,True
1682,4_0_039.png,True
1683,4_0_040.png,True
1684,4_0_041.png,True
1685,4_0_042.png,True
1686,4_0_043.png,True
1687,4_0_044.png,True
1688,4_0_045.png,True
1689,0_0_001.png,True
1690,0_0_002.png,True
1691,0_0_003.png,True
1692,0_0_004.png,True
1693,0_0_005.png,True
1694,0_0_006.png,True
1695,0_0_007.png,True
1696,0_0_008.png,True
1697,0_0_009.png,True
1698,0_0_010.png,True
1699,0_0_011.png,True
1700,0_0_012.png,True
1701,0_0_013.png,True
1702,0_0_014.png,True
1703,0_0_015.png,True
1704,0_0_016.png,True
1705,0_0_017.png,True
1706,0_0_018.png,True
1707,0_0_019.png,True
1708,0_0_020.png,True
1709,0_0_021.png,True
1710,0_0_022.png,True
1711,0_0_023.png,True
1712,0_0_024.png,True
1713,0_0_025.png,True
1714,0_0_026.png,True
1715,0_0_027.png,True
1716,0_0_028.png,True
1717,0_0_029.png,True
1718,0_0_030.png,True
1719,0_0_031.png,True
1720,0_0_032.png,True
1721,0_0_033.png,True
1722,0_0_034.png,True
1723,0_0_035.png,True
1724,0_0_036.png,True
1725,0_0_037.png,True
1726,0_0_038.png,True
1727,0_0_039.png,True
1728,0_0_040.png,True
1729,0_0_041.png,True
1730,0_0_042.png,True
1731,0_0_043.png,True
1732,0_0_044.png,True
1733,0_0_045.png,True
1734,0_0_046.png,True
1735,0_0_047.png,True
1736,0_0_048.png,True
1737,0_0_049.png,True
1738,0_0_050.png,True
1739,0_0_051.png,True
1740,0_0_052.png,True
1741,0_0_053.png,True
1742,0_0_054.png,True
1743,0_0_055.png,True
1744,0_0_056.png,True
1745,0_0_057.png,True
1746,0_0_058.png,True
1747,0_0_059.png,True
1748,0_0_060.png,True
1749,0_0_061.png,True
1750,0_0_062.png,True
1751,0_0_063.png,True
1752,0_0_064.png,True
1753,0_0_065.png,True
1754,0_0_066.png,True
1755,0_0_067.png,True
1756,0_0_068.png,True
1757,0_0_069.png,True
1758,0_0_070.png,True
1759,0_0_071.png,True
1760,0_0_072.png,True
1761,0_0_073.png,True
1762,0_0_074.png,True
1763,0_0_075.png,True
1764,0_0_076.png,True
1765,0_0_077.png,True
1766,0_0_078.png,True
1767,0_0_079.png,True
1768,0_0_080.png,True
1769,0_0_081.png,True
1770,0_0_082.png,True
1771,0_0_083.png,True
1772,0_0_084.png,True
1773,0_0_085.png,True
1774,0_0_086.png,True
1775,0_0_087.png,True
1776,0_0_088.png,True
1777,0_0_089.png,True
1778,0_0_090.png,True
1779,0_0_091.png,True
1780,0_0_092.png,True
1781,0_0_093.png,True
1782,0_0_094.png,True
1783,0_0_095.png,True
1784,0_0_096.png,True
1785,0_0_097.png,True
1786,0_0_098.png,True
1787,2_0_001.png,True
1788,2_0_002.png,True
1789,2_0_003.png,True
1790,2_0_004.png,True
1791,2_0_005.png,True
1792,2_0_006.png,True
1793,2_0_007.png,True
1794,2_0_008.png,True
1795,2_0_009.png,True
1796,2_0_010.png,True
1797,2_0_011.png,True
1798,2_0_012.png,True
1799,2_0_013.png,True
1800,2_0_014.png,True
1801,2_0_015.png,True
1802,2_0_016.png,True
1803,2_0_017.png,True
1804,2_0_018.png,True
1805,2_0_019.png,True
1806,2_0_020.png,True
1807,2_0_021.png,True
1808,2_0_022.png,True
1809,2_0_023.png,True
1810,2_0_024.png,True
1811,2_0_025.png,True
1812,2_0_026.png,True
1813,2_0_027.png,True
1814,2_0_028.png,True
1815,2_0_029.png,True
1816,2_0_030.png,True
1817,2_0_031.png,True
1818,2_0_032.png,True
1819,2_0_033.png,True
1820,2_0_034.png,True
1821,2_0_035.png,True
1822,2_0_036.png,True
1823,2_0_037.png,True
1824,2_0_038.png,True
1825,2_0_039.png,True
1826,2_0_040.png,True
1827,2_0_041.png,True
1828,2_0_042.png,True
1829,2_0_043.png,True
1830,2_0_044.png,True
1831,2_0_045.png,True
1832,2_0_046.png,True
1833,2_0_047.png,True
1834,2_0_048.png,True
1835,2_0_049.png,True
1836,2_0_050.png,True
1837,2_0_051.png,True
1838,2_0_052.png,True
1839,2_0_053.png,True
1840,2_0_054.png,True
1841,2_0_055.png,True
1842,2_0_056.png,True
1843,2_0_057.png,True
1844,2_0_058.png,True
1845,2_0_059.png,True
1846,2_0_060.png,True
1847,2_0_061.png,True
1848,2_0_062.png,True
1849,2_0_063.png,True
1850,2_0_064.png,True
1851,2_0_065.png,True
1852,2_0_066.png,True
1853,2_0_067.png,True
1854,2_0_068.png,True
1855,2_0_069.png,True
1856,2_0_070.png,True
1857,2_0_071.png,True
1858,3_0_001.png,True
1859,3_0_002.png,True
1860,3_0_003.png,True
1861,3_0_004.png,True
1862,3_0_005.png,True
1863,3_0_006.png,True
1864,3_0_007.png,True
1865,3_0_008.png,True
1866,3_0_009.png,True
1867,3_0_010.png,True
1868,3_0_011.png,True
1869,3_0_012.png,True
1870,3_0_013.png,True
1871,3_0_014.png,True
1872,3_0_015.png,True
1873,3_0_016.png,True
1874,3_0_017.png,True
1875,3_0_018.png,True
1876,3_0_019.png,True
1877,3_0_020.png,True
1878,3_0_021.png,True
1879,3_0_022.png,True
1880,3_0_023.png,True
1881,3_0_024.png,True
1882,3_0_025.png,True
1883,3_0_026.png,True
1884,3_0_027.png,True
1885,3_0_028.png,True
1886,3_0_029.png,True
1887,3_0_030.png,True
1888,3_0_031.png,True
1889,3_0_032.png,True
1890,3_0_033.png,True
1891,3_0_034.png,True
1892,3_0_035.png,True
1893,3_0_036.png,True
1894,3_0_037.png,True
1895,3_0_038.png,True
1896,3_0_039.png,True
1897,3_0_040.png,True
1898,3_0_041.png,True
1899,3_0_042.png,True
1900,3_0_043.png,True
1901,3_0_044.png,True
1902,3_0_045.png,True
1903,3_0_046.png,True
1904,3_0_047.png,True
1905,3_0_048.png,True
1906,3_0_049.png,True
1907,3_0_050.png,True
1908,3_0_051.png,True
1909,3_0_052.png,True
1910,3_0_053.png,True
1911,3_0_054.png,True
1912,3_0_055.png,True
1913,3_0_056.png,True
1914,3_0_057.png,True
1915,3_0_058.png,True
1916,3_0_059.png,True
1917,3_0_060.png,True
1918,3_0_061.png,True
1919,3_0_062.png,True
1920,3_0_063.png,True
1921,3_0_064.png,True
1922,3_0_065.png,True
1923,3_0_066.png,True
1924,3_0_067.png,True
1925,3_0_068.png,True
1926,3_0_069.png,True
1927,3_0_070.png,True
1928,3_0_071.png,True
1929,3_0_072.png,True
1930,3_0_073.png,True
1931,3_0_074.png,True
1932,3_0_075.png,True
1933,3_0_076.png,True
1934,3_0_077.png,True
1935,3_0_078.png,True
1936,3_0_079.png,True
1937,3_0_080.png,True
1938,5_0_001.png,True
1939,5_0_002.png,True
1940,5_0_003.png,True
1941,5_0_004.png,True
1942,5_0_005.png,True
1943,5_0_006.png,True
1944,5_0_007.png,True
1945,5_0_008.png,True
1946,5_0_009.png,True
1947,5_0_010.png,True
1948,5_0_011.png,True
1949,5_0_012.png,True
1950,5_0_013.png,True
1951,5_0_014.png,True
1952,5_0_015.png,True
1953,5_0_016.png,True
1954,5_0_017.png,True
1955,5_0_018.png,True
1956,5_0_019.png,True
1957,5_0_020.png,True
1958,5_0_021.png,True
1959,5_0_022.png,True
1960,5_0_023.png,True
1961,5_0_024.png,True
1962,5_0_025.png,True
1963,5_0_026.png,True
1964,5_0_027.png,True
1965,5_0_028.png,True
1966,5_0_029.png,True
1967,5_0_030.png,True
1968,5_0_031.png,True
1969,5_0_032.png,True
1970,5_0_033.png,True
1971,5_0_034.png,True
1972,5_0_035.png,True
1973,5_0_036.png,True
1974,5_0_037.png,True
1975,5_0_038.png,True
1976,5_0_039.png,True
1977,5_0_040.png,True
1978,5_0_041.png,True
1979,5_0_042.png,True
1980,5_0_043.png,True
1981,5_0_044.png,True
1982,5_0_045.png,True
1983,5_0_046.png,True
1984,5_0_047.png,True
1985,5_0_048.png,True
1986,5_0_049.png,True
1987,5_0_050.png,True
1988,5_0_051.png,True
1989,5_0_052.png,True
1990,5_0_053.png,True
1991,5_0_054.png,True
1992,5_0_055.png,True
1993,5_0_056.png,True
1994,5_0_057.png,True
1995,5_0_058.png,True
1996,5_0_059.png,True
1997,5_0_060.png,True
1998,6_0_001.png,True
1999,6_0_002.png,True
2000,6_0_003.png,True
2001,6_0_004.png,True
2002,6_0_005.png,True
2003,6_0_006.png,True
2004,6_0_007.png,True
2005,6_0_008.png,True
2006,6_0_009.png,True
2007,6_0_010.png,True
2008,6_0_011.png,True
2009,6_0_012.png,True
2010,6_0_013.png,True
2011,6_0_014.png,True
2012,6_0_015.png,True
2013,6_0_016.png,True
2014,6_0_017.png,True
2015,6_0_018.png,True
2016,6_0_019.png,True
2017,6_0_020.png,True
2018,6_0_021.png,True
2019,6_0_022.png,True
2020,6_0_023.png,True
2021,6_0_024.png,True
2022,6_0_025.png,True
2023,6_0_026.png,True
2024,6_0_027.png,True
2025,6_0_028.png,True
2026,6_0_029.png,True
2027,6_0_030.png,True
2028,6_0_031.png,True
2029,6_0_032.png,True
2030,6_0_033.png,True
2031,6_0_034.png,True
2032,6_0_035.png,True
2033,6_0_036.png,True
2034,6_0_037.png,True
2035,6_0_038.png,True
2036,6_0_039.png,True
2037,6_0_040.png,True
2038,6_0_041.png,True
2039,6_0_042.png,True
2040,6_0_043.png,True
2041,6_0_044.png,True
2042,6_0_045.png,True
2043,6_0_046.png,True
2044,6_0_047.png,True
2045,6_0_048.png,True
2046,6_0_049.png,True
2047,6_0_050.png,True
2048,1_5_001.png,True
2049,1_5_002.png,True
2050,1_5_003.png,True
2051,1_5_004.png,True
2052,1_5_005.png,True
2053,1_5_006.png,True
2054,1_5_007.png,True
2055,1_5_008.png,True
2056,1_5_009.png,True
2057,1_5_010.png,True
2058,1_5_011.png,True
2059,1_5_012.png,True
2060,1_5_013.png,True
2061,1_5_014.png,True
2062,1_5_015.png,True
2063,1_5_016.png,True
2064,1_5_017.png,True
2065,1_5_018.png,True
2066,1_5_019.png,True
2067,1_5_020.png,True
2068,1_5_021.png,True
2069,1_5_022.png,True
2070,1_5_023.png,True
2071,1_5_024.png,True
2072,1_5_025.png,True
2073,1_5_026.png,True
2074,1_5_027.png,True
2075,1_5_028.png,True
2076,1_5_029.png,True
2077,1_5_030.png,True
2078,1_5_031.png,True
2079,1_5_032.png,True
2080,1_5_033.png,True
2081,1_5_034.png,True
2082,1_5_035.png,True
2083,4_5_001.png,True
2084,4_5_002.png,True
2085,4_5_003.png,True
2086,4_5_004.png,True
2087,4_5_005.png,True
2088,4_5_006.png,True
2089,4_5_007.png,True
2090,4_5_008.png,True
2091,4_5_009.png,True
2092,4_5_010.png,True
2093,4_5_011.png,True
2094,4_5_012.png,True
2095,4_5_013.png,True
2096,4_5_014.png,True
2097,4_5_015.png,True
2098,4_5_016.png,True
2099,4_5_017.png,True
2100,4_5_018.png,True
2101,4_5_019.png,True
2102,4_5_020.png,True
2103,4_5_021.png,True
2104,4_5_022.png,True
2105,4_5_023.png,True
2106,4_5_024.png,True
2107,4_5_025.png,True
2108,4_5_026.png,True
2109,4_5_027.png,True
2110,4_5_028.png,True
2111,4_5_029.png,True
2112,4_5_030.png,True
2113,4_5_031.png,True
2114,4_5_032.png,True
2115,4_5_033.png,True
2116,4_5_034.png,True
2117,4_5_035.png,True
2118,4_5_036.png,True
2119,4_5_037.png,True
2120,4_5_038.png,True
2121,4_5_039.png,True
2122,4_5_040.png,True
2123,4_5_041.png,True
2124,4_5_042.png,True
2125,4_5_043.png,True
2126,4_5_044.png,True
2127,4_5_045.png,True
2128,4_5_046.png,True
2129,4_5_047.png,True
2130,2_5_001.png,True
2131,2_5_002.png,True
2132,2_5_003.png,True
2133,2_5_004.png,True
2134,2_5_005.png,True
2135,2_5_006.png,True
2136,2_5_007.png,True
2137,2_5_008.png,True
2138,2_5_009.png,True
2139,2_5_010.png,True
2140,3_5_001.png,True
2141,3_5_002.png,True
2142,3_5_003.png,True
2143,3_5_004.png,True
2144,3_5_005.png,True
2145,3_5_006.png,True
2146,3_5_007.png,True
2147,3_5_008.png,True
2148,3_5_009.png,True
2149,3_5_010.png,True
2150,3_5_011.png,True
2151,3_5_012.png,True
2152,3_5_013.png,True
2153,3_5_014.png,True
2154,3_5_015.png,True
2155,3_5_016.png,True
2156,3_5_017.png,True
2157,3_5_018.png,True
2158,3_5_019.png,True
2159,3_5_020.png,True
2160,3_5_021.png,True
2161,3_5_022.png,True
2162,3_5_023.png,True
2163,3_5_024.png,True
2164,3_5_025.png,True
2165,3_5_026.png,True
2166,5_5_001.png,True
2167,5_5_002.png,True
2168,5_5_003.png,True
2169,5_5_004.png,True
2170,5_5_005.png,True
2171,5_5_006.png,True
2172,5_5_007.png,True
2173,5_5_008.png,True
2174,5_5_009.png,True
2175,5_5_010.png,True
2176,5_5_011.png,True
2177,5_5_012.png,True
2178,5_5_013.png,True
2179,5_5_014.png,True
2180,5_5_015.png,True
2181,5_5_016.png,True
2182,5_5_017.png,True
2183,5_5_018.png,True
2184,5_5_019.png,True
